model,best_params,pr_auc,accuracy,balanced_acc,precision,recall,f1,pr_auc_std,accuracy_std,balanced_acc_std,precision_std,recall_std,f1_std
GradientBoosting,"{'class_weight': None, 'learning_rate': 0.1, 'max_depth': 6, 'max_iter': 200}",0.9365422103846951,0.931861111111111,0.8803035714285713,0.8933107233143527,0.7875,0.8369885916548272,0.003966279679279527,0.004105664560272982,0.007850717746337143,0.010268754060308426,0.015375508121684964,0.010581010924055737
RandomForest,"{'class_weight': None, 'max_depth': 20, 'n_estimators': 400}",0.9269600197343436,0.9273055555555555,0.8693839285714287,0.8924022672667,0.7651249999999999,0.8238607364561528,0.005272098951395955,0.0029614290010727988,0.005083047555254577,0.006820747590135786,0.009137833441248527,0.007525830808353903
SVM_RBF,"{'C': 10, 'class_weight': None, 'gamma': 'auto'}",0.903331994519435,0.9180833333333333,0.8602410714285714,0.8585341773273429,0.756125,0.8039941372931277,0.00548924792326235,0.00231973551067922,0.004772954070722315,0.009500537297021517,0.010763073445814635,0.005918499433595508
LogisticRegression,"{'C': 0.1, 'class_weight': None, 'l1_ratio': 1}",0.8574937776604955,0.8972777777777777,0.8470000000000001,0.7757511690238882,0.7565000000000001,0.7659589704018238,0.0035242070741194893,0.002382420182487963,0.0046948836405133,0.0063988503292693516,0.009926290848045891,0.0059685237666016735
GaussianNB,{'var_smoothing': 1e-09},0.821031075641215,0.7312222222222222,0.8272142857142859,0.4526089804862183,1.0,0.6231617186122705,0.004017557622059428,0.0030949480938626097,0.0019896094889116757,0.0028392527147626818,0.0,0.0026951574635437296
